<?xml version="1.0" encoding="UTF-8" standalone="yes"?>
<ServiceCallout continueOnError="false" enabled="true" name="Log-Error-Callout">
  <DisplayName>Log Error Callout</DisplayName>
  <Properties/>
  <Request clearPayload="true" variable="myRequest">
    <IgnoreUnresolvedVariables>false</IgnoreUnresolvedVariables>
  </Request>
  <Response>calloutResponse</Response>
  <HTTPTargetConnection>
    <Properties/>
    <URL>https://httpbin.org/anything</URL>
  </HTTPTargetConnection>
</ServiceCallout>
